V,Liger,Hugging Face
1024.000000,574.525000,616.530859
2048.000000,636.925000,694.954297
4096.000000,761.725000,851.801172
8192.000000,1011.325000,1165.494922
16384.000000,1510.525000,1792.882422
32768.000000,2508.925000,2791.282422
65536.000000,4505.725000,4788.082422
131072.000000,8499.325000,8781.682422
