V,Liger,Hugging Face,Torch Compile
1024.000000,10316.825000,10325.035938,10316.825000
2048.000000,10334.525000,10345.759375,10334.525000
4096.000000,10369.925000,10387.206250,10369.925000
8192.000000,10440.725000,10470.100000,10440.725000
16384.000000,10582.325000,10635.887500,10582.325000
32768.000000,10865.525000,10919.087500,10865.525000
65536.000000,11431.925000,11485.487500,11431.925000
131072.000000,12564.725000,12618.287500,12564.725195
