V,Liger,Hugging Face,Torch Compile
1024.000000,12313.525000,12355.530859,12313.525000
2048.000000,12407.925000,12465.954297,12407.925000
4096.000000,12596.725000,12686.801172,12596.725000
8192.000000,12974.325000,13128.494922,12974.325000
16384.000000,13729.525000,14011.882422,13729.525000
32768.000000,15239.925000,15522.282422,15239.925000
65536.000000,18260.725000,18543.082422,18260.725000
