V,Liger,Hugging Face
1024.000000,107.825000,116.216992
2048.000000,119.525000,130.759375
4096.000000,142.925000,160.206250
8192.000000,189.725000,219.100000
16384.000000,283.325000,336.887500
32768.000000,470.525000,524.087500
65536.000000,844.925000,898.487500
131072.000000,1593.725000,1647.287500
