V,Liger,Hugging Face,Torch Compile
1024.000000,7276.125000,7284.537109,7276.125000
2048.000000,7294.125000,7305.359375,7294.125000
4096.000000,7330.125000,7347.406250,7330.125000
8192.000000,7402.125000,7431.500000,7402.125000
16384.000000,7546.125000,7599.687500,7546.125000
32768.000000,7834.125000,7887.687500,7834.125000
65536.000000,8410.125000,8463.687500,8410.125000
131072.000000,9562.125000,9615.687500,9562.125000
