V,Liger,Hugging Face,Torch Compile
1024.000000,9274.125000,9316.130859,9274.125000
2048.000000,9370.125000,9428.154297,9370.125000
4096.000000,9562.125000,9652.201172,9562.125000
8192.000000,9946.125000,10100.294922,9946.125000
16384.000000,10714.125000,10996.482422,10714.125000
32768.000000,12250.125000,12532.482422,12250.125000
65536.000000,15322.125000,15604.482422,15322.125000
