N,Liger,Hugging Face
1024.000000,0.102368,0.195264
2048.000000,0.096256,0.366800
4096.000000,0.099936,0.742064
8192.000000,0.177632,1.358176
16384.000000,0.321504,2.581296
32768.000000,1.056000,5.040720
