N,Liger,Hugging Face
1024.000000,0.088400,0.199392
2048.000000,0.089184,0.367008
4096.000000,0.100704,0.739056
8192.000000,0.178048,1.351648
16384.000000,0.321984,2.568640
32768.000000,1.055360,5.013824
