N,Liger,Hugging Face
1024.000000,0.014896,0.079296
2048.000000,0.019520,0.140256
4096.000000,0.030560,0.282240
8192.000000,0.050880,0.522720
16384.000000,0.094880,0.994320
32768.000000,0.181024,1.935152
