N,Liger,Hugging Face
1024.000000,0.015520,0.094208
2048.000000,0.018752,0.137376
4096.000000,0.030432,0.280608
8192.000000,0.051200,0.518144
16384.000000,0.095072,0.984768
32768.000000,0.181920,1.916624
