N,Liger,Hugging Face
1024.000000,0.362784,0.376160
2048.000000,0.366896,0.497504
4096.000000,0.369184,1.019312
8192.000000,0.366496,1.872960
16384.000000,0.409824,3.564576
32768.000000,1.230688,6.952368
