N,Liger,Hugging Face
1024.000000,0.183872,0.272864
2048.000000,0.192112,0.494416
4096.000000,0.185808,1.014160
8192.000000,0.224512,1.862176
16384.000000,0.411040,3.543552
32768.000000,1.230368,6.906432
