N,Liger,Hugging Face
1024.000000,1100.250000,1294.250000
2048.000000,1582.250000,1992.250000
4096.000000,2546.250000,3452.250000
8192.000000,4474.250000,6372.250000
