BT,Liger,Hugging Face
4096.000000,4157.965625,6033.432227
8192.000000,4407.993750,9103.463477
16384.000000,4844.187500,15237.125977
32768.000000,5716.575000,27504.450977
