N,Liger,Hugging Face
1024.000000,0.008672,0.056832
2048.000000,0.011744,0.086784
4096.000000,0.017696,0.182016
8192.000000,0.029056,0.327936
16384.000000,0.051104,0.615072
32768.000000,0.097312,1.185792
