N,Liger,Hugging Face
1024.000000,0.238576,0.241024
2048.000000,0.239552,0.325376
4096.000000,0.239936,0.647008
8192.000000,0.237568,1.171232
16384.000000,0.246064,2.202528
32768.000000,0.652768,4.258720
