N,Liger,Hugging Face
1024.000000,0.102752,0.141856
2048.000000,0.102016,0.238784
4096.000000,0.100256,0.467168
8192.000000,0.104448,0.845248
16384.000000,0.184672,1.590720
32768.000000,0.555072,3.073136
