N,Liger,Hugging Face
1024.000000,9.118144,9.373664
2048.000000,17.700129,18.128288
4096.000000,34.411263,35.832512
8192.000000,69.180862,71.535744
