N,Liger,Hugging Face
1024.000000,13.770528,13.914752
2048.000000,27.020512,27.110912
4096.000000,52.575680,53.654335
8192.000000,105.487679,107.677795
