N,Liger,Hugging Face
1024.000000,5.147744,5.112320
2048.000000,9.982912,9.939968
4096.000000,19.747072,18.167871
8192.000000,36.362785,36.392574
