N,Liger,Hugging Face
1024.000000,9.394272,10.536928
2048.000000,19.857632,18.722303
4096.000000,35.756321,36.005791
8192.000000,71.294975,72.953758
