N,Liger,Hugging Face
1024.000000,14.340192,14.212288
2048.000000,27.858879,28.232063
4096.000000,54.026943,55.116257
8192.000000,109.622589,110.471489
