N,Liger,Hugging Face
1024.000000,5.145888,5.115104
2048.000000,10.107488,8.863584
4096.000000,17.816353,17.795776
8192.000000,35.666176,35.391327
