V,Liger,Torch
4096.000000,1.270784,1.909760
8192.000000,2.579456,3.904512
16384.000000,5.110272,7.786496
32768.000000,10.159104,15.543296
65536.000000,20.244976,31.067137
131072.000000,40.421379,62.058495
