V,Liger,Torch
4096.000000,1.270784,1.913856
8192.000000,2.573312,3.904512
16384.000000,5.124096,7.786496
32768.000000,10.158080,15.543297
65536.000000,20.252672,31.076288
131072.000000,40.449966,62.075905
