V,Liger,Torch
4096.000000,0.204800,0.899072
8192.000000,0.391168,1.786880
16384.000000,0.768000,3.527680
32768.000000,1.520640,7.024640
65536.000000,3.024896,14.022144
131072.000000,6.034432,28.050432
