V,Liger,Hugging Face
4096.000000,0.857648,2.233424
8192.000000,1.458208,3.671488
16384.000000,2.745040,7.758880
32768.000000,5.413472,15.654192
65536.000000,11.958000,30.836576
131072.000000,25.269535,61.429440
