V,Liger,Hugging Face
4096.000000,0.859952,2.226176
8192.000000,1.448528,3.595504
16384.000000,2.736512,6.711424
32768.000000,5.410032,15.392448
65536.000000,11.928944,30.765057
131072.000000,25.278784,61.252800
