V,Liger,Hugging Face
4096.000000,0.529760,0.924720
8192.000000,0.749088,1.234272
16384.000000,1.402448,2.934304
32768.000000,2.801440,5.596128
65536.000000,6.790720,10.634560
131072.000000,15.006752,20.733425
