V,Liger,Hugging Face
4096.000000,0.462752,0.874784
8192.000000,0.741088,1.190016
16384.000000,1.394896,1.953104
32768.000000,2.800672,5.325456
65536.000000,6.777872,10.641664
131072.000000,15.019184,20.718096
