V,Liger,Torch
4096.000000,384.000977,448.000000
8192.000000,768.000977,896.000000
16384.000000,1536.000977,1792.000000
32768.000000,3072.000977,3584.000000
65536.000000,6144.000977,7168.000000
131072.000000,12288.000977,14336.000000
