total_hidden_size,Liger,Hugging Face
512.000000,0.159264,0.429248
2048.000000,0.158368,0.342784
8192.000000,0.114720,1.134144
