seq_len,Liger,Hugging Face
1024.000000,0.109088,0.605088
2048.000000,0.114336,1.134048
4096.000000,0.214880,2.176800
8192.000000,0.415680,4.246112
16384.000000,0.816704,8.356367
