seq_len,Liger,Hugging Face
1024.000000,0.034240,0.280288
2048.000000,0.059296,0.516512
4096.000000,0.109056,0.993184
8192.000000,0.209376,1.933456
16384.000000,0.410464,3.816672
