seq_len,Liger,Hugging Face
1024.000000,0.033536,0.277696
2048.000000,0.058528,0.512928
4096.000000,0.109504,0.986304
8192.000000,0.209920,1.920208
16384.000000,0.409840,3.790624
