total_hidden_size,Liger,Hugging Face
512.000000,0.120384,0.350336
2048.000000,0.122208,0.341728
8192.000000,0.115936,1.128096
