seq_len,Liger,Hugging Face
1024.000000,0.033760,0.329920
2048.000000,0.058784,0.621312
4096.000000,0.109664,1.189088
8192.000000,0.210016,2.320608
16384.000000,0.409984,4.549056
