total_hidden_size,Liger,Hugging Face
512.000000,0.010272,0.078816
2048.000000,0.021184,0.156160
8192.000000,0.059232,0.512704
