total_hidden_size,Liger,Hugging Face
512.000000,0.048880,0.173376
2048.000000,0.050368,0.190304
8192.000000,0.058784,0.621280
