total_hidden_size,Liger,Hugging Face
512.000000,0.010240,0.059392
2048.000000,0.028672,0.168016
8192.000000,0.101376,0.600064
