seq_len,Liger,Hugging Face
1024.000000,0.033824,0.328864
2048.000000,0.059200,0.619296
4096.000000,0.109568,1.186832
8192.000000,0.209344,2.317760
16384.000000,0.410304,4.547232
