seq_len,Liger,Hugging Face
1024.000000,0.103424,0.789504
2048.000000,0.201728,1.403904
4096.000000,0.398336,2.801520
8192.000000,0.791552,5.547008
16384.000000,1.577984,11.062272
