seq_len,Liger,Hugging Face
1024.000000,0.052224,0.311296
2048.000000,0.101376,0.600064
4096.000000,0.199680,1.244160
8192.000000,0.396288,2.484224
16384.000000,0.789504,4.975504
