total_hidden_size,Liger,Hugging Face
512.000000,0.011360,0.078816
2048.000000,0.020576,0.157344
8192.000000,0.058720,0.516448
