total_hidden_size,Liger,Hugging Face
512.000000,0.059328,0.784384
2048.000000,0.058880,0.784384
8192.000000,0.201728,1.404928
