seq_len,Liger,Hugging Face
1024.000000,0.120064,0.601600
2048.000000,0.114944,1.127872
4096.000000,0.214656,2.167280
8192.000000,0.415552,4.232288
16384.000000,0.816928,8.331616
