total_hidden_size,Liger,Hugging Face
512.000000,0.046912,0.153600
2048.000000,0.021344,0.189792
8192.000000,0.058720,0.619296
