total_hidden_size,Liger,Hugging Face
512.000000,0.050176,0.121824
2048.000000,0.048128,0.225280
8192.000000,0.101376,0.801792
