seq_len,Liger,Hugging Face
1024.000000,0.052224,0.416768
2048.000000,0.101376,0.801984
4096.000000,0.199680,1.553408
8192.000000,0.396288,3.057664
16384.000000,0.789504,6.062080
