BT,Liger,Hugging Face
4096.000000,71.202240,22.368048
8192.000000,81.947327,43.096718
16384.000000,137.067719,89.185860
32768.000000,209.735611,186.038437
