BT,Liger,Hugging Face
4096.000000,70.008675,7.567552
8192.000000,82.053185,15.221472
16384.000000,137.409088,29.760000
32768.000000,208.135071,62.711040
