BT,Liger,Hugging Face
4096.000000,116.760803,57.287006
8192.000000,168.972931,114.073692
16384.000000,279.415771,227.060730
32768.000000,520.371704,469.953979
