BT,Liger,Hugging Face
4096.000000,113.788513,55.826752
8192.000000,161.439941,111.965668
16384.000000,265.694977,226.629089
32768.000000,493.758789,457.556732
