BT,Liger,Hugging Face
4096.000000,110.749374,18.620337
8192.000000,157.457062,37.231041
16384.000000,259.558136,74.153122
32768.000000,485.104492,149.415329
