BT,Liger,Hugging Face
4096.000000,111.351776,18.636608
8192.000000,159.661209,37.983105
16384.000000,263.117920,76.555298
32768.000000,492.330688,151.984604
