BT,Liger,Hugging Face
4096.000000,111.505859,18.631777
8192.000000,161.481506,38.211952
16384.000000,264.542084,76.012672
32768.000000,493.426575,152.069031
