BT,Liger,Hugging Face
4096.000000,116.296188,56.853535
8192.000000,166.921188,112.760033
16384.000000,277.352600,227.508896
32768.000000,514.529968,461.566467
