BT,Liger,Hugging Face
4096.000000,111.731422,20.803152
8192.000000,161.744217,38.229553
16384.000000,266.610260,77.115677
32768.000000,496.958344,153.156158
