BT,Liger,Hugging Face
4096.000000,113.461021,55.010368
8192.000000,162.817154,110.683708
16384.000000,269.764099,222.531967
32768.000000,497.683289,460.768494
