BT,Liger,Hugging Face
4096.000000,114.784286,21.221951
8192.000000,166.251495,38.365326
16384.000000,278.628448,77.618080
32768.000000,517.481995,154.722885
