BT,Liger,Hugging Face
4096.000000,116.395424,56.504959
8192.000000,167.102722,111.825279
16384.000000,276.670135,220.432007
32768.000000,515.682068,462.459595
