BT,Liger,Hugging Face
4096.000000,114.078819,21.224096
8192.000000,163.779297,37.661934
16384.000000,272.731995,75.404610
32768.000000,506.567993,152.149948
