BT,Liger,Hugging Face
4096.000000,113.171967,55.973377
8192.000000,161.833054,111.001411
16384.000000,265.671783,223.195648
32768.000000,493.466858,458.387634
