BT,Liger,Hugging Face
4096.000000,114.310143,19.091425
8192.000000,165.286713,37.737888
16384.000000,275.571533,76.300545
32768.000000,514.315735,153.778214
