BT,Liger,Hugging Face
4096.000000,114.278084,19.092512
8192.000000,165.914688,38.118416
16384.000000,275.915955,76.253502
32768.000000,513.245300,153.868576
