BT,Liger,Hugging Face
4096.000000,112.657280,55.094143
8192.000000,158.535873,109.304893
16384.000000,262.618408,221.487808
32768.000000,487.825958,450.125244
