BT,Liger,Hugging Face
4096.000000,116.136253,55.966591
8192.000000,164.126343,110.927231
16384.000000,274.016968,223.510147
32768.000000,508.782806,454.437378
