N,Liger,Hugging Face
1024.000000,13.784224,14.047744
2048.000000,26.856256,27.337248
4096.000000,52.306049,53.597279
8192.000000,106.474564,107.946945
