N,Liger,Hugging Face
1024.000000,9.148160,9.337152
2048.000000,17.874945,18.101536
4096.000000,34.569279,35.412254
8192.000000,69.631393,71.241920
