N,Liger,Hugging Face
1024.000000,5.077152,5.116416
2048.000000,10.084672,9.036512
4096.000000,17.587521,17.765184
8192.000000,35.111679,35.673569
