V,Liger,Hugging Face,Torch Compile
1024.000000,2.176000,1.562224,1.094848
2048.000000,2.298848,1.702640,1.193664
4096.000000,2.485984,1.944352,1.307520
8192.000000,2.738240,2.397664,1.481312
16384.000000,3.125968,3.116928,1.787712
32768.000000,3.780736,3.824864,2.383968
65536.000000,5.455840,5.326624,3.581360
131072.000000,7.873344,8.028463,5.951120
