V,Liger,Hugging Face
1024.000000,0.069632,0.124912
2048.000000,0.075696,0.124928
4096.000000,0.086016,0.131072
8192.000000,0.099328,0.135168
16384.000000,0.110592,0.138240
32768.000000,0.116736,0.140288
65536.000000,0.118784,0.141312
131072.000000,0.120832,0.145408
