V,Liger,Hugging Face,Torch Compile
1024.000000,0.359424,0.675840,0.583680
2048.000000,0.390368,0.699392,0.604160
4096.000000,0.452608,0.715776,0.614400
8192.000000,0.530464,0.721696,0.621504
16384.000000,0.576512,0.724992,0.624640
32768.000000,0.607232,0.737376,0.624640
65536.000000,0.625664,0.741376,0.625664
131072.000000,0.631968,0.739328,0.627712
