V,Liger,Hugging Face,Torch Compile
1024.000000,0.199136,0.786144,0.257472
2048.000000,0.217184,0.828656,0.282272
4096.000000,0.238016,0.846176,0.301312
8192.000000,0.262320,0.855840,0.312320
16384.000000,0.288352,0.860704,0.319744
32768.000000,0.309152,0.862624,0.322560
65536.000000,0.317888,1.007040,0.324480
131072.000000,0.323856,0.887520,0.324512
