V,Liger,Hugging Face
1024.000000,0.069632,0.124928
2048.000000,0.075536,0.123904
4096.000000,0.086016,0.130048
8192.000000,0.099328,0.135168
16384.000000,0.109616,0.138240
32768.000000,0.115712,0.140288
65536.000000,0.118784,0.141312
131072.000000,0.121728,0.142336
