V,Liger,Hugging Face,Torch Compile
1024.000000,0.043328,0.166144,0.040400
2048.000000,0.043552,0.144576,0.046432
4096.000000,0.049088,0.153440,0.054176
8192.000000,0.055264,0.161376,0.060416
16384.000000,0.061600,0.166816,0.064064
32768.000000,0.065728,0.167872,0.067104
65536.000000,0.068384,0.168864,0.068640
131072.000000,0.069952,0.169504,0.069408
