V,Liger,Hugging Face
1024.000000,0.464896,0.378080
2048.000000,0.495616,0.413696
4096.000000,0.552960,0.480256
8192.000000,0.642048,0.604992
16384.000000,0.778240,0.814912
32768.000000,1.019904,1.075200
65536.000000,1.480704,1.552384
131072.000000,2.394048,2.476032
