V,Liger,Hugging Face,Torch Compile [Inductor Backend]
1024.000000,0.445856,0.448912,0.211360
2048.000000,0.462336,0.468512,0.217024
4096.000000,0.492352,0.526752,0.235888
8192.000000,0.554096,0.647440,0.280784
16384.000000,0.636128,0.811648,0.346912
32768.000000,0.771648,0.953408,0.466592
65536.000000,1.002176,1.191296,0.692640
131072.000000,1.449024,1.638944,1.135152
