V,Liger,Hugging Face
1024.000000,0.362496,0.674880
2048.000000,0.393120,0.700416
4096.000000,0.457728,0.713408
8192.000000,0.530432,0.721920
16384.000000,0.585728,0.724976
32768.000000,0.612352,0.726016
65536.000000,0.628736,0.741376
131072.000000,0.636928,0.732160
