V,Liger,Hugging Face,Torch Compile
1024.000000,0.069632,0.124928,0.084992
2048.000000,0.074944,0.123904,0.100352
4096.000000,0.086016,0.130048,0.110592
8192.000000,0.099328,0.135168,0.115712
16384.000000,0.109568,0.138240,0.120832
32768.000000,0.115712,0.140096,0.119808
65536.000000,0.118784,0.141312,0.120832
131072.000000,0.120832,0.145408,0.121856
