V,Liger,Hugging Face
1024.000000,2.309120,1.648640
2048.000000,2.495488,1.843200
4096.000000,2.827264,2.256896
8192.000000,3.286016,3.024912
16384.000000,3.993600,4.265984
32768.000000,5.265920,5.697536
65536.000000,7.817216,8.252416
131072.000000,12.681216,13.302784
