V,Liger,Hugging Face,Torch Compile
1024.000000,2.307072,1.654784,1.851328
2048.000000,2.501632,1.848448,1.991056
4096.000000,2.833408,2.256896,2.172928
8192.000000,3.300352,3.037696,2.491904
16384.000000,4.001792,4.276160,3.106816
32768.000000,5.269936,5.718016,4.329472
65536.000000,7.714816,8.376320,6.759424
131072.000000,12.593152,13.185024,11.613184
