V,Liger,Hugging Face,Torch Compile [Inductor Backend]
1024.000000,0.461824,0.376672,0.391168
2048.000000,0.494464,0.414720,0.333824
4096.000000,0.553984,0.481280,0.431104
8192.000000,0.642048,0.606192,0.463872
16384.000000,0.779264,0.814080,0.586752
32768.000000,1.018976,1.076224,0.818208
65536.000000,1.479680,1.553408,1.277952
131072.000000,2.413568,2.473584,2.183040
