N,Liger,Hugging Face
1024.000000,36.023926,80.019531
2048.000000,72.039551,160.031250
4096.000000,144.070801,320.054688
8192.000000,268.133301,640.101562
16384.000000,432.258301,1280.195312
32768.000000,752.508789,2560.382812
