N,Liger,Hugging Face
1024.000000,36.023535,87.619531
2048.000000,72.038770,175.231250
4096.000000,144.069238,350.454687
8192.000000,268.130176,700.901562
16384.000000,432.252051,1401.795312
32768.000000,752.496289,2803.582812
