V,Liger,Hugging Face
4096.000000,0.316832,0.724256
8192.000000,0.454144,0.889696
16384.000000,0.798800,1.286080
32768.000000,1.573424,3.120992
65536.000000,3.951632,5.996000
131072.000000,8.540256,11.587328
