V,Liger,Hugging Face
4096.000000,0.549824,1.624416
8192.000000,0.865168,2.409488
16384.000000,1.564384,4.117920
32768.000000,3.052992,8.882272
65536.000000,6.861888,17.298912
131072.000000,14.296783,33.941101
