N,Liger,Hugging Face
1024.000000,644.000000,730.000000
2048.000000,966.000000,1138.000000
4096.000000,1610.000000,1954.000000
8192.000000,2898.000000,3586.000000
