N,Liger,Hugging Face
1024.000000,1136.200000,1324.800000
2048.000000,1615.000000,2016.400000
4096.000000,2572.600000,3470.000000
8192.000000,4487.800000,6377.200000
