seq_len,Liger,Hugging Face
1024.000000,73.008301,145.008301
2048.000000,114.016113,258.016113
4096.000000,196.031738,484.031738
8192.000000,360.062988,936.062988
16384.000000,688.125488,1840.125488
