total_hidden_size,Liger,Hugging Face
512.000000,37.141113,46.141113
2048.000000,52.516113,88.516113
8192.000000,114.016113,258.016113
