total_hidden_size,Liger,Hugging Face
512.000000,13.266113,22.266113
2048.000000,28.641113,64.641113
8192.000000,90.141113,234.141113
