seq_len,Liger,Hugging Face
1024.000000,49.133301,121.133301
2048.000000,90.141113,234.141113
4096.000000,172.156738,460.156738
8192.000000,336.187988,912.187988
16384.000000,664.250488,1816.250488
