seq_len,Liger,Hugging Face
1024.000000,0.137984,0.411072
2048.000000,0.136800,0.755696
4096.000000,0.174880,1.422240
8192.000000,0.335040,2.756048
16384.000000,0.655328,5.395200
