seq_len,Liger,Hugging Face
1024.000000,0.029280,0.184672
2048.000000,0.048832,0.337040
4096.000000,0.088960,0.635264
8192.000000,0.169824,1.231376
16384.000000,0.332512,2.415056
