total_hidden_size,Liger,Hugging Face
512.000000,0.044688,0.120128
2048.000000,0.044224,0.138592
8192.000000,0.049888,0.420672
