total_hidden_size,Liger,Hugging Face
512.000000,0.136256,0.274016
2048.000000,0.134560,0.274240
8192.000000,0.135424,0.755504
