total_hidden_size,Liger,Hugging Face
512.000000,0.007200,0.058880
2048.000000,0.012448,0.109056
8192.000000,0.048704,0.337344
