seq_len,Liger,Hugging Face
1024.000000,0.044544,0.229952
2048.000000,0.049888,0.420640
4096.000000,0.089024,0.790592
8192.000000,0.167936,1.528096
16384.000000,0.325952,2.984176
