BT,Liger,Hugging Face
4096.000000,4246.234375,6092.282227
8192.000000,4466.843750,9162.313477
16384.000000,4909.437500,15302.375977
32768.000000,5794.625000,27582.500000
