BT,Liger,Hugging Face
4096.000000,4239.087891,6093.016113
8192.000000,4467.822266,9163.046875
16384.000000,4910.416016,15303.109375
32768.000000,5795.603516,27583.234375
