BT,Liger,Hugging Face
4096.000000,4135.732178,5988.779150
8192.000000,4361.197803,9056.422900
16384.000000,4797.391553,15190.085400
32768.000000,5669.779053,27457.410400
