BT,Liger,Hugging Face
4096.000000,4142.903125,5988.882227
8192.000000,4360.243750,9055.713477
16384.000000,4796.437500,15189.375977
32768.000000,5668.825000,27456.700977
