N,Liger,Hugging Face
1024.000000,32.017676,79.619531
2048.000000,64.030957,159.231250
4096.000000,128.057520,318.454687
8192.000000,256.110645,636.901562
16384.000000,392.216895,1273.795312
32768.000000,656.429883,2547.582812
