m,k,n,Liger,PyTorch,Torch Compile
64.000000,64.000000,64.000000,16.312500,16.380664,16.365039
256.000000,256.000000,256.000000,17.250000,18.325977,18.075977
512.000000,512.000000,512.000000,20.250000,24.550977,23.550977
1024.000000,1024.000000,1024.000000,32.250000,49.450977,45.450977
64.000000,128.000000,64.000000,16.363281,16.479102,16.463477
256.000000,512.000000,256.000000,18.062500,19.900977,19.650977
512.000000,1024.000000,512.000000,23.500000,30.850977,29.850977
1024.000000,2048.000000,1024.000000,45.250000,74.650977,70.650977
