m,k,n,Liger,PyTorch,Torch Compile
64.000000,64.000000,64.000000,16.335938,16.379687,40.790625
256.000000,256.000000,256.000000,17.625000,18.325000,42.689062
512.000000,512.000000,512.000000,21.750000,24.550000,24.550000
1024.000000,1024.000000,1024.000000,38.250000,49.450000,49.450000
