m,k,n,Liger,PyTorch,Torch Compile
64.000000,64.000000,64.000000,16.296875,16.379687,16.379687
256.000000,256.000000,256.000000,17.000000,18.325000,18.325000
512.000000,512.000000,512.000000,19.250000,24.550000,24.550000
1024.000000,1024.000000,1024.000000,28.250000,49.450000,49.450000
