m,k,n,Liger,PyTorch,Torch Compile
64.000000,64.000000,64.000000,16.312500,16.380664,16.365039
256.000000,256.000000,256.000000,17.250000,18.325977,18.075977
512.000000,512.000000,512.000000,20.250000,24.550977,23.550977
1024.000000,1024.000000,1024.000000,32.250000,49.450977,45.450977
