N,Liger,Hugging Face
1024.000000,1088.450000,1277.050000
2048.000000,1567.250000,1968.650000
4096.000000,2524.850000,3422.250000
8192.000000,4440.050000,6329.450000
