N,Liger,Hugging Face
1024.000000,596.250000,682.250000
2048.000000,918.250000,1090.250000
4096.000000,1562.250000,1906.250000
8192.000000,2850.250000,3538.250000
