m,k,n,Liger,PyTorch,Torch Compile
64.000000,64.000000,64.000000,0.082944,0.026624,0.648192
256.000000,256.000000,256.000000,0.218112,0.321536,0.942592
512.000000,512.000000,512.000000,0.293424,0.487488,0.982016
1024.000000,1024.000000,1024.000000,0.267264,0.485376,0.988160
