m,k,n,Liger,PyTorch,Torch Compile
64.000000,64.000000,64.000000,0.014336,0.027600,0.549888
256.000000,256.000000,256.000000,0.015360,0.332800,0.818688
512.000000,512.000000,512.000000,0.019472,0.139264,0.658432
1024.000000,1024.000000,1024.000000,0.036864,0.206848,0.803840
