m,k,n,Liger,PyTorch,Torch Compile
64.000000,64.000000,64.000000,0.122880,0.025600,0.796672
256.000000,256.000000,256.000000,0.358400,0.442368,0.673792
512.000000,512.000000,512.000000,0.197632,0.241664,0.674816
1024.000000,1024.000000,1024.000000,0.262144,0.389120,0.961056
