m,k,n,Liger,PyTorch,Torch Compile
64.000000,64.000000,64.000000,0.136192,0.025600,0.734720
256.000000,256.000000,256.000000,0.274944,0.119296,0.875520
512.000000,512.000000,512.000000,0.293376,0.499200,0.993280
1024.000000,1024.000000,1024.000000,0.360448,0.360448,0.845312
