m,k,n,Liger,PyTorch,Torch Compile
64.000000,64.000000,64.000000,0.011264,0.026624,0.412768
256.000000,256.000000,256.000000,0.012288,0.204800,0.816128
512.000000,512.000000,512.000000,0.015360,0.235520,0.801792
1024.000000,1024.000000,1024.000000,0.030720,0.277600,0.834560
