m,k,n,Liger,PyTorch,Torch Compile
64.000000,64.000000,64.000000,0.011264,0.007168,0.007168
256.000000,256.000000,256.000000,0.012288,0.009216,0.009216
512.000000,512.000000,512.000000,0.015360,0.016384,0.016384
1024.000000,1024.000000,1024.000000,0.030720,0.039008,0.039040
