m,k,n,Liger,PyTorch,Torch Compile
64.000000,64.000000,64.000000,0.011264,0.008192,0.007168
256.000000,256.000000,256.000000,0.013312,0.009216,0.009216
512.000000,512.000000,512.000000,0.016384,0.016384,0.016384
1024.000000,1024.000000,1024.000000,0.035840,0.038912,0.038912
64.000000,128.000000,64.000000,0.011264,0.007168,0.007168
256.000000,512.000000,256.000000,0.016384,0.013280,0.012288
512.000000,1024.000000,512.000000,0.022528,0.018944,0.019360
1024.000000,2048.000000,1024.000000,0.048128,0.062464,0.062464
