m,k,n,Liger,PyTorch,Torch Compile
64.000000,64.000000,64.000000,0.099328,0.192512,0.562176
256.000000,256.000000,256.000000,0.284672,0.483328,0.965120
512.000000,512.000000,512.000000,0.293856,0.429120,0.648192
1024.000000,1024.000000,1024.000000,0.265216,0.503808,0.988288
