m,k,n,Liger,PyTorch,Torch Compile
64.000000,64.000000,64.000000,0.011264,0.010240,0.009216
256.000000,256.000000,256.000000,0.012288,0.011264,0.011216
512.000000,512.000000,512.000000,0.015360,0.021504,0.021504
1024.000000,1024.000000,1024.000000,0.030720,0.049152,0.049152
