N,Liger,Hugging Face,Torch Compile
1024.000000,79.828906,79.188281,79.434375
2048.000000,158.915625,157.634375,157.384375
4096.000000,316.346875,313.784375,314.268750
8192.000000,632.693750,627.568750,627.568750
16384.000000,1265.387500,1255.137500,1255.137500
