N,Liger,Hugging Face
1024.000000,79.102344,78.461719
2048.000000,158.173438,156.892188
4096.000000,316.315625,313.753125
8192.000000,632.600000,627.475000
16384.000000,1265.168750,1254.918750
