N,Liger,Hugging Face
1024.000000,80.906250,80.062500
2048.000000,161.781250,160.093750
4096.000000,323.531250,320.156250
8192.000000,647.031250,640.281250
16384.000000,1294.031250,1280.531250
