N,Liger,Hugging Face
1024.000000,79.305469,78.461719
2048.000000,158.579688,156.892188
4096.000000,317.128125,313.753125
8192.000000,634.225000,627.475000
16384.000000,1268.418750,1254.918750
