V,Liger,Hugging Face
4096.000000,256.328613,1254.525977
8192.000000,512.328613,2508.925977
16384.000000,1024.328613,5017.725977
32768.000000,2048.328613,10035.325977
65536.000000,4096.328613,20070.525977
131072.000000,8192.328613,40140.925977
