N,Liger,Hugging Face
1024.000000,0.518976,0.187392
2048.000000,0.517120,0.387072
4096.000000,0.413696,0.777152
8192.000000,0.822272,1.539232
16384.000000,2.679808,3.058688
