N,Liger,Hugging Face,Torch Compile
1024.000000,0.041984,0.050176,0.043008
2048.000000,0.079872,0.113664,0.084992
4096.000000,0.158720,0.234496,0.203840
8192.000000,0.316416,0.465920,0.455680
16384.000000,0.628736,0.928768,0.923648
