N,Liger,Hugging Face,Torch Compile
1024.000000,0.294912,0.188416,0.269312
2048.000000,0.535552,0.388096,0.314368
4096.000000,0.413696,0.776192,0.697344
8192.000000,0.819200,1.538048,1.406976
16384.000000,2.682800,3.057728,3.043328
