N,Liger,Hugging Face
1024.000000,0.031776,0.036512
2048.000000,0.049696,0.057216
4096.000000,0.088448,0.121440
8192.000000,0.166176,0.257728
16384.000000,0.322592,0.506080
