N,Liger,Hugging Face
1024.000000,0.309568,0.118880
2048.000000,0.301280,0.196256
4096.000000,0.309920,0.432384
8192.000000,0.442400,0.830368
16384.000000,1.154208,1.619392
