N,Liger,Hugging Face
1024.000000,0.031104,0.035424
2048.000000,0.050208,0.057152
4096.000000,0.088992,0.121312
8192.000000,0.165984,0.258272
16384.000000,0.321952,0.505472
