N,Liger,Hugging Face
1024.000000,0.041984,0.050176
2048.000000,0.080896,0.113664
4096.000000,0.158720,0.234496
8192.000000,0.315392,0.466944
16384.000000,0.628736,0.928768
