N,Liger,Hugging Face
1024.000000,0.479536,0.118784
2048.000000,0.471568,0.196416
4096.000000,0.454528,0.432800
8192.000000,0.444512,0.830640
16384.000000,1.154288,1.619904
