N,Liger,Hugging Face
1024.000000,5.536352,5.615648
2048.000000,10.404160,10.963168
4096.000000,21.196545,21.555744
8192.000000,42.261345,43.008610
