N,Liger,Hugging Face
1024.000000,1.775520,1.622080
2048.000000,3.475040,3.548928
4096.000000,7.120192,6.937824
8192.000000,14.136864,14.437024
