N,Liger,Hugging Face
1024.000000,3.530480,3.482944
2048.000000,6.853696,7.194336
4096.000000,13.821504,14.296608
8192.000000,27.744415,28.311808
