N,Liger,Hugging Face
1024.000000,1.613088,1.630976
2048.000000,3.294848,3.284512
4096.000000,6.843648,6.966720
8192.000000,14.162304,14.382400
