N,Liger,Hugging Face
1024.000000,3.564192,3.576000
2048.000000,6.813888,7.093184
4096.000000,13.783104,14.249152
8192.000000,27.183807,28.105824
