N,Liger,Hugging Face
1024.000000,5.067584,5.445984
2048.000000,10.805792,10.906848
4096.000000,21.059233,21.625153
8192.000000,42.022911,42.542751
